A2Dat[0], 0x41,
A2Dat[1], 0x32,
A2Dat[2], 0x7F,
A2Dat[3], 0xF9,
A2Dat[4], 0x02,
A2Dat[5], 0x01,
A2Dat[6], 0x00,
A2Dat[7], 0x00,
A2Dat[8], 0x00,
A2Dat[9], 0x08,
A2Dat[10], 0x00,
A2Dat[11], 0x3D,
A2Dat[12], 0x05,
A2Dat[13], 0x01,
A2Dat[14], 0x9B,
A2Dat[15], 0x87,
A2Dat[16], 0xA5,
A2Dat[17], 0x4F,
A2Dat[18], 0x08,
A2Dat[19], 0x03,
A2Dat[20], 0x81,
A2Dat[21], 0x00,
A2Dat[22], 0x00,
A2Dat[23], 0x00,
A2Dat[24], 0x00,
A2Dat[25], 0x40,
A2Dat[26], 0x00,
A2Dat[27], 0x00,
A2Dat[28], 0x04,
A2Dat[29], 0x00,
A2Dat[30], 0x00,
A2Dat[31], 0x00,
A2Dat[32], 0x00,
A2Dat[33], 0x00,
A2Dat[34], 0x00,
A2Dat[35], 0x00,
A2Dat[36], 0x00,
A2Dat[37], 0x00,
A2Dat[38], 0x00,
A2Dat[39], 0x00,
A2Dat[40], 0x00,
A2Dat[41], 0x00,
A2Dat[42], 0x00,
A2Dat[43], 0x00,
A2Dat[44], 0x00,
A2Dat[45], 0x41,
A2Dat[46], 0xA0,
A2Dat[47], 0x00,
A2Dat[48], 0x0A,
A2Dat[49], 0x42,
A2Dat[50], 0xCA,
A2Dat[51], 0xA6,
A2Dat[52], 0x0E,
A2Dat[53], 0x40,
A2Dat[54], 0x40,
A2Dat[55], 0x66,
A2Dat[56], 0x7E,
A2Dat[57], 0xE9,
A2Dat[58], 0x92,
A2Dat[59], 0x34,
A2Dat[60], 0xC4,
